Material,Proposed Function,Status
Kraft paper,Base material for packaging,Proposed
Starch-based material,Component of barrier layer,Proposed
Chitosan,Component of protective barrier coating,Proposed
Sorbitol,Plasticiser to help reduce brittleness,Proposed
Natural wax,Proposed moisture-resistant inner layer,Proposed
Guar gum,Adhesive for seed strips,Proposed
Cellulose paper or seed paper,Carrier for seed strips,Proposed
Viable seeds,Intended for planting after use,To be selected and tested
Water,Hydration medium for guar-gum adhesive,Proposed
